{
    "from": 1,
    "to": 20,
    "count": 10000,
    "_links": {
        "next": {
            "href": "https://api.edamam.com/api/recipes/v2?q=%22lemon%22&app_key=6da797",
            "title": "Next page"
        }
    },
    "hits": [
        {
            "recipe": {
                "uri": "http://www.edamam.com/ontologies/edamam.owl#recipe_2fb391cceeec3d82920a2035f1849d72",
                "label": "Lemon Confit",
                "image": "https://edamam-product-images.s3.amazonaws.com/web-img/img",
                "images": {
                    "THUMBNAIL": {
                        "url": "https://edamam-product-images.s3.amazonaws.com/web-img/img",
                        "width": 100,
                        "height": 100
                    },
                    "SMALL": {
                        "url": "https://edamam-product-images.s3.amazonaws.com/web-img/img",
                        "width": 200,
                        "height": 200
                    },
                    "REGULAR": {
                        "url": "https://edamam-product-images.s3.amazonaws.com/web-img/img",
                        "width": 300,
                        "height": 300
                    },
                    "LARGE": {
                        "url": "https://edamam-product-images.s3.amazonaws.com/web-img/img",
                        "width": 600,
                        "height": 600
                    }
                },
                "url": "http://ruhlman.com/2011/03/lemon-confit/",
                "yield": 2.0,
                "ingredientLines": [
                    "Kosher salt to cover (about 2 pounds/900 grams)",
                    "1/2 to 1 cup water or lemon juice (125 to 250 ml)",
                    "6 lemons, scrubbed and halved crosswise"
                ],
                "ingredients": [
                    {
                        "text": "Kosher salt to cover (about 2 pounds/900 grams)",
                        "quantity": 2.0,
                        "measure": "pound",
                        "food": "Kosher salt",
                        "weight": 907.18474,
                        "foodCategory": "Condiments and sauces",
                        "foodId": "food_a1vgrj1bs8rd1majvmd9ubz8ttkg",
                        "image": "https://www.edamam.com/food-img/694/6943ea510918c6025795e8dc6e6eaaeb.jpg"
                    },
                    {
                        "text": "1/2 to 1 cup water or lemon juice (125 to 250 ml)",
                        "quantity": 187.5,
                        "measure": "milliliter",
                        "food": "lemon juice",
                        "weight": 193.37394232616464,
                        "foodCategory": "100% juice",
                        "foodId": "food_bglm6vxahuauteb0n6ynfbg9eryu",
                        "image": "https://www.edamam.com/food-img/e31/e310952d214e78a4cb8b73f30ceeaaf2.jpg"
                    },
                    {
                        "text": "6 lemons, scrubbed and halved crosswise",
                        "quantity": 6.0,
                        "measure": "<unit>",
                        "food": "lemons",
                        "weight": 348.0,
                        "foodCategory": "fruit",
                        "foodId": "food_a6uzc62astrxcgbtzyq59b6fncrr",
                        "image": "https://www.edamam.com/food-img/70a/70acba3d4c734d7c70ef4efeed85dc8f.jpg"
                    }
                ],
                "totalWeight": 544.599239131927,
                "totalTime": 0.0,
            },
        },
    ]
}

